amino_acid,topic,question,options,answer,grade
Glycine,약어,Glycine의 한 글자 약어는 무엇인가요?,"['A', 'G', 'G', 'L']",G,1학년
Glycine,약어,Glycine의 세 글자 약어는 무엇인가요?,"['Gln', 'Gly', 'Gly', 'Phe']",Gly,1학년
Glycine,성질,Glycine은 어떤 성질의 아미노산인가요?,"['극성', '비극성', '산성', '염기성']",비극성,1학년
Glycine,곁사슬 특성,Glycine의 곁사슬에는 무엇이 포함되나요?,"['CH3', 'OH', 'SH', '수소']",수소,2학년
Glycine,구조적 분류,Glycine의 구조적 특징은 무엇인가요?,"['가지형', '방향족', '비대칭 탄소 없음', '황 포함']",비대칭 탄소 없음,2학년
Glycine,생리적 기능 및 역할,Glycine은 어떤 생리적 기능을 하나요?,"['단백질 합성', '신경 전달', '질소 저장', '콜라겐 구성, 유연성 높음']","콜라겐 구성, 유연성 높음",2학년
Glycine,2차/3차 구조에 미치는 영향,Glycine의 구조는 단백질 접힘에 어떤 영향을 미칠 수 있나요?,"['고정된 결합각 제공', '유연성 제공', '입체 장애 발생', '회전 제한']",유연성 제공,3학년 이상
Glycine,생물학적 위치 및 대사,Glycine은 주로 어떤 생체 위치에서 중요한 역할을 하나요?,"['간', '근육', '뇌', '콜라겐']",콜라겐,3학년 이상
Alanine,약어,Alanine의 한 글자 약어는 무엇인가요?,"['A', 'A', 'G', 'L']",A,1학년
Alanine,약어,Alanine의 세 글자 약어는 무엇인가요?,"['Ala', 'Gln', 'Gly', 'Phe']",Ala,1학년
Alanine,성질,Alanine은 어떤 성질의 아미노산인가요?,"['극성', '비극성', '산성', '염기성']",비극성,1학년
Alanine,곁사슬 특성,Alanine의 곁사슬에는 무엇이 포함되나요?,"['CH3', 'OH', 'SH', '메틸기']",메틸기,2학년
Alanine,구조적 분류,Alanine의 구조적 특징은 무엇인가요?,"['가지형', '단순 알킬', '방향족', '황 포함']",단순 알킬,2학년
Alanine,생리적 기능 및 역할,Alanine은 어떤 생리적 기능을 하나요?,"['단백질 합성', '신경 전달', '에너지원', '질소 저장']",에너지원,2학년
Alanine,2차/3차 구조에 미치는 영향,Alanine의 구조는 단백질 접힘에 어떤 영향을 미칠 수 있나요?,"['고정된 결합각 제공', '유연성 제공', '입체 장애 발생', '회전 제한']",유연성 제공,3학년 이상
Alanine,생물학적 위치 및 대사,Alanine은 주로 어떤 생체 위치에서 중요한 역할을 하나요?,"['간', '근육', '뇌', '콜라겐']",간,3학년 이상
Valine,약어,Valine의 한 글자 약어는 무엇인가요?,"['A', 'G', 'L', 'V']",V,1학년
Valine,약어,Valine의 세 글자 약어는 무엇인가요?,"['Gln', 'Gly', 'Phe', 'Val']",Val,1학년
Valine,성질,Valine은 어떤 성질의 아미노산인가요?,"['극성', '비극성', '산성', '염기성']",비극성,1학년
Valine,곁사슬 특성,Valine의 곁사슬에는 무엇이 포함되나요?,"['CH3', 'OH', 'SH', '아이소프로필기']",아이소프로필기,2학년
Valine,구조적 분류,Valine의 구조적 특징은 무엇인가요?,"['가지형', '가지형', '방향족', '황 포함']",가지형,2학년
Valine,생리적 기능 및 역할,Valine은 어떤 생리적 기능을 하나요?,"['근육 에너지', '단백질 합성', '신경 전달', '질소 저장']",근육 에너지,2학년
Valine,2차/3차 구조에 미치는 영향,Valine의 구조는 단백질 접힘에 어떤 영향을 미칠 수 있나요?,"['고정된 결합각 제공', '유연성 제공', '입체 장애 발생', '회전 제한']",유연성 제공,3학년 이상
Valine,생물학적 위치 및 대사,Valine은 주로 어떤 생체 위치에서 중요한 역할을 하나요?,"['간', '근육', '뇌', '콜라겐']",간,3학년 이상
Leucine,약어,Leucine의 한 글자 약어는 무엇인가요?,"['A', 'G', 'L', 'L']",L,1학년
Leucine,약어,Leucine의 세 글자 약어는 무엇인가요?,"['Gln', 'Gly', 'Leu', 'Phe']",Leu,1학년
Leucine,성질,Leucine은 어떤 성질의 아미노산인가요?,"['극성', '비극성', '산성', '염기성']",비극성,1학년
Leucine,곁사슬 특성,Leucine의 곁사슬에는 무엇이 포함되나요?,"['CH3', 'OH', 'SH', '이소부틸기']",이소부틸기,2학년
Leucine,구조적 분류,Leucine의 구조적 특징은 무엇인가요?,"['가지형', '가지형', '방향족', '황 포함']",가지형,2학년
Leucine,생리적 기능 및 역할,Leucine은 어떤 생리적 기능을 하나요?,"['단백질 합성', '단백질 합성 조절', '신경 전달', '질소 저장']",단백질 합성 조절,2학년
Leucine,2차/3차 구조에 미치는 영향,Leucine의 구조는 단백질 접힘에 어떤 영향을 미칠 수 있나요?,"['고정된 결합각 제공', '유연성 제공', '입체 장애 발생', '회전 제한']",유연성 제공,3학년 이상
Leucine,생물학적 위치 및 대사,Leucine은 주로 어떤 생체 위치에서 중요한 역할을 하나요?,"['간', '근육', '뇌', '콜라겐']",간,3학년 이상
Isoleucine,약어,Isoleucine의 한 글자 약어는 무엇인가요?,"['A', 'G', 'I', 'L']",I,1학년
Isoleucine,약어,Isoleucine의 세 글자 약어는 무엇인가요?,"['Gln', 'Gly', 'Ile', 'Phe']",Ile,1학년
Isoleucine,성질,Isoleucine은 어떤 성질의 아미노산인가요?,"['극성', '비극성', '산성', '염기성']",비극성,1학년
Isoleucine,곁사슬 특성,Isoleucine의 곁사슬에는 무엇이 포함되나요?,"['CH3', 'OH', 'SH', 'sec-부틸기']",sec-부틸기,2학년
Isoleucine,구조적 분류,Isoleucine의 구조적 특징은 무엇인가요?,"['가지형', '가지형', '방향족', '황 포함']",가지형,2학년
Isoleucine,생리적 기능 및 역할,Isoleucine은 어떤 생리적 기능을 하나요?,"['단백질 합성', '신경 전달', '에너지 대사', '질소 저장']",에너지 대사,2학년
Isoleucine,2차/3차 구조에 미치는 영향,Isoleucine의 구조는 단백질 접힘에 어떤 영향을 미칠 수 있나요?,"['고정된 결합각 제공', '유연성 제공', '입체 장애 발생', '회전 제한']",유연성 제공,3학년 이상
Isoleucine,생물학적 위치 및 대사,Isoleucine은 주로 어떤 생체 위치에서 중요한 역할을 하나요?,"['간', '근육', '뇌', '콜라겐']",간,3학년 이상
Methionine,약어,Methionine의 한 글자 약어는 무엇인가요?,"['A', 'G', 'L', 'M']",M,1학년
Methionine,약어,Methionine의 세 글자 약어는 무엇인가요?,"['Gln', 'Gly', 'Met', 'Phe']",Met,1학년
Methionine,성질,Methionine은 어떤 성질의 아미노산인가요?,"['극성', '비극성', '산성', '염기성']",비극성,1학년
Methionine,곁사슬 특성,Methionine의 곁사슬에는 무엇이 포함되나요?,"['CH2CH2SCH3', 'CH3', 'OH', 'SH']",CH2CH2SCH3,2학년
Methionine,구조적 분류,Methionine의 구조적 특징은 무엇인가요?,"['가지형', '방향족', '황 포함', '황 함유']",황 함유,2학년
Methionine,생리적 기능 및 역할,Methionine은 어떤 생리적 기능을 하나요?,"['단백질 시작', '단백질 합성', '신경 전달', '질소 저장']",단백질 시작,2학년
Methionine,2차/3차 구조에 미치는 영향,Methionine의 구조는 단백질 접힘에 어떤 영향을 미칠 수 있나요?,"['고정된 결합각 제공', '유연성 제공', '입체 장애 발생', '회전 제한']",유연성 제공,3학년 이상
Methionine,생물학적 위치 및 대사,Methionine은 주로 어떤 생체 위치에서 중요한 역할을 하나요?,"['간', '근육', '뇌', '콜라겐']",간,3학년 이상
Phenylalanine,약어,Phenylalanine의 한 글자 약어는 무엇인가요?,"['A', 'F', 'G', 'L']",F,1학년
Phenylalanine,약어,Phenylalanine의 세 글자 약어는 무엇인가요?,"['Gln', 'Gly', 'Phe', 'Phe']",Phe,1학년
Phenylalanine,성질,Phenylalanine은 어떤 성질의 아미노산인가요?,"['극성', '비극성', '산성', '염기성']",비극성,1학년
Phenylalanine,곁사슬 특성,Phenylalanine의 곁사슬에는 무엇이 포함되나요?,"['CH3', 'OH', 'SH', '벤젠 고리']",벤젠 고리,2학년
Phenylalanine,구조적 분류,Phenylalanine의 구조적 특징은 무엇인가요?,"['가지형', '방향족', '방향족', '황 포함']",방향족,2학년
Phenylalanine,생리적 기능 및 역할,Phenylalanine은 어떤 생리적 기능을 하나요?,"['단백질 합성', '도파민 전구체', '신경 전달', '질소 저장']",도파민 전구체,2학년
Phenylalanine,2차/3차 구조에 미치는 영향,Phenylalanine의 구조는 단백질 접힘에 어떤 영향을 미칠 수 있나요?,"['고정된 결합각 제공', '유연성 제공', '입체 장애 발생', '회전 제한']",유연성 제공,3학년 이상
Phenylalanine,생물학적 위치 및 대사,Phenylalanine은 주로 어떤 생체 위치에서 중요한 역할을 하나요?,"['간', '근육', '뇌', '콜라겐']",간,3학년 이상
Tryptophan,약어,Tryptophan의 한 글자 약어는 무엇인가요?,"['A', 'G', 'L', 'W']",W,1학년
Tryptophan,약어,Tryptophan의 세 글자 약어는 무엇인가요?,"['Gln', 'Gly', 'Phe', 'Trp']",Trp,1학년
Tryptophan,성질,Tryptophan은 어떤 성질의 아미노산인가요?,"['극성', '비극성', '산성', '염기성']",비극성,1학년
Tryptophan,곁사슬 특성,Tryptophan의 곁사슬에는 무엇이 포함되나요?,"['CH3', 'OH', 'SH', '인돌']",인돌,2학년
Tryptophan,구조적 분류,Tryptophan의 구조적 특징은 무엇인가요?,"['가지형', '방향족', '방향족', '황 포함']",방향족,2학년
Tryptophan,생리적 기능 및 역할,Tryptophan은 어떤 생리적 기능을 하나요?,"['단백질 합성', '세로토닌 전구체', '신경 전달', '질소 저장']",세로토닌 전구체,2학년
Tryptophan,2차/3차 구조에 미치는 영향,Tryptophan의 구조는 단백질 접힘에 어떤 영향을 미칠 수 있나요?,"['고정된 결합각 제공', '유연성 제공', '입체 장애 발생', '회전 제한']",유연성 제공,3학년 이상
Tryptophan,생물학적 위치 및 대사,Tryptophan은 주로 어떤 생체 위치에서 중요한 역할을 하나요?,"['간', '근육', '뇌', '콜라겐']",간,3학년 이상
Proline,약어,Proline의 한 글자 약어는 무엇인가요?,"['A', 'G', 'L', 'P']",P,1학년
Proline,약어,Proline의 세 글자 약어는 무엇인가요?,"['Gln', 'Gly', 'Phe', 'Pro']",Pro,1학년
Proline,성질,Proline은 어떤 성질의 아미노산인가요?,"['극성', '비극성', '산성', '염기성']",비극성,1학년
Proline,곁사슬 특성,Proline의 곁사슬에는 무엇이 포함되나요?,"['CH3', 'OH', 'SH', '고리형 피롤리딘']",고리형 피롤리딘,2학년
Proline,구조적 분류,Proline의 구조적 특징은 무엇인가요?,"['가지형', '고리형, 회전 제한', '방향족', '황 포함']","고리형, 회전 제한",2학년
Proline,생리적 기능 및 역할,Proline은 어떤 생리적 기능을 하나요?,"['α-helix 파괴', '단백질 합성', '신경 전달', '질소 저장']",α-helix 파괴,2학년
Proline,2차/3차 구조에 미치는 영향,Proline의 구조는 단백질 접힘에 어떤 영향을 미칠 수 있나요?,"['고정된 결합각 제공', '유연성 제공', '입체 장애 발생', '회전 제한']",회전 제한,3학년 이상
Proline,생물학적 위치 및 대사,Proline은 주로 어떤 생체 위치에서 중요한 역할을 하나요?,"['간', '근육', '뇌', '콜라겐']",콜라겐,3학년 이상
Serine,약어,Serine의 한 글자 약어는 무엇인가요?,"['A', 'G', 'L', 'S']",S,1학년
Serine,약어,Serine의 세 글자 약어는 무엇인가요?,"['Gln', 'Gly', 'Phe', 'Ser']",Ser,1학년
Serine,성질,Serine은 어떤 성질의 아미노산인가요?,"['극성', '비극성', '산성', '염기성']",극성,1학년
Serine,곁사슬 특성,Serine의 곁사슬에는 무엇이 포함되나요?,"['CH3', 'OH', 'OH', 'SH']",OH,2학년
Serine,구조적 분류,Serine의 구조적 특징은 무엇인가요?,"['가지형', '방향족', '하이드록시 포함', '황 포함']",하이드록시 포함,2학년
Serine,생리적 기능 및 역할,Serine은 어떤 생리적 기능을 하나요?,"['단백질 합성', '신경 전달', '인산화, 수소결합', '질소 저장']","인산화, 수소결합",2학년
Serine,2차/3차 구조에 미치는 영향,Serine의 구조는 단백질 접힘에 어떤 영향을 미칠 수 있나요?,"['고정된 결합각 제공', '유연성 제공', '입체 장애 발생', '회전 제한']",유연성 제공,3학년 이상
Serine,생물학적 위치 및 대사,Serine은 주로 어떤 생체 위치에서 중요한 역할을 하나요?,"['간', '근육', '뇌', '콜라겐']",간,3학년 이상
Threonine,약어,Threonine의 한 글자 약어는 무엇인가요?,"['A', 'G', 'L', 'T']",T,1학년
Threonine,약어,Threonine의 세 글자 약어는 무엇인가요?,"['Gln', 'Gly', 'Phe', 'Thr']",Thr,1학년
Threonine,성질,Threonine은 어떤 성질의 아미노산인가요?,"['극성', '비극성', '산성', '염기성']",극성,1학년
Threonine,곁사슬 특성,Threonine의 곁사슬에는 무엇이 포함되나요?,"['CH3', 'OH', 'OH', 'SH']",OH,2학년
Threonine,구조적 분류,Threonine의 구조적 특징은 무엇인가요?,"['가지형', '방향족', '비대칭 탄소', '황 포함']",비대칭 탄소,2학년
Threonine,생리적 기능 및 역할,Threonine은 어떤 생리적 기능을 하나요?,"['단백질 안정화', '단백질 합성', '신경 전달', '질소 저장']",단백질 안정화,2학년
Threonine,2차/3차 구조에 미치는 영향,Threonine의 구조는 단백질 접힘에 어떤 영향을 미칠 수 있나요?,"['고정된 결합각 제공', '유연성 제공', '입체 장애 발생', '회전 제한']",유연성 제공,3학년 이상
Threonine,생물학적 위치 및 대사,Threonine은 주로 어떤 생체 위치에서 중요한 역할을 하나요?,"['간', '근육', '뇌', '콜라겐']",간,3학년 이상
Cysteine,약어,Cysteine의 한 글자 약어는 무엇인가요?,"['A', 'C', 'G', 'L']",C,1학년
Cysteine,약어,Cysteine의 세 글자 약어는 무엇인가요?,"['Cys', 'Gln', 'Gly', 'Phe']",Cys,1학년
Cysteine,성질,Cysteine은 어떤 성질의 아미노산인가요?,"['극성', '비극성', '산성', '염기성']",극성,1학년
Cysteine,곁사슬 특성,Cysteine의 곁사슬에는 무엇이 포함되나요?,"['CH3', 'OH', 'SH', 'SH']",SH,2학년
Cysteine,구조적 분류,Cysteine의 구조적 특징은 무엇인가요?,"['가지형', '방향족', '티올기, 황 결합', '황 포함']","티올기, 황 결합",2학년
Cysteine,생리적 기능 및 역할,Cysteine은 어떤 생리적 기능을 하나요?,"['단백질 합성', '신경 전달', '이황화결합 형성', '질소 저장']",이황화결합 형성,2학년
Cysteine,2차/3차 구조에 미치는 영향,Cysteine의 구조는 단백질 접힘에 어떤 영향을 미칠 수 있나요?,"['고정된 결합각 제공', '유연성 제공', '입체 장애 발생', '회전 제한']",유연성 제공,3학년 이상
Cysteine,생물학적 위치 및 대사,Cysteine은 주로 어떤 생체 위치에서 중요한 역할을 하나요?,"['간', '근육', '뇌', '콜라겐']",간,3학년 이상
Tyrosine,약어,Tyrosine의 한 글자 약어는 무엇인가요?,"['A', 'G', 'L', 'Y']",Y,1학년
Tyrosine,약어,Tyrosine의 세 글자 약어는 무엇인가요?,"['Gln', 'Gly', 'Phe', 'Tyr']",Tyr,1학년
Tyrosine,성질,Tyrosine은 어떤 성질의 아미노산인가요?,"['극성', '비극성', '산성', '염기성']",극성,1학년
Tyrosine,곁사슬 특성,Tyrosine의 곁사슬에는 무엇이 포함되나요?,"['CH3', 'OH', 'SH', '페놀기']",페놀기,2학년
Tyrosine,구조적 분류,Tyrosine의 구조적 특징은 무엇인가요?,"['가지형', '방향족', '방향족 + OH', '황 포함']",방향족 + OH,2학년
Tyrosine,생리적 기능 및 역할,Tyrosine은 어떤 생리적 기능을 하나요?,"['단백질 합성', '신경 전달', '질소 저장', '호르몬 전구체']",호르몬 전구체,2학년
Tyrosine,2차/3차 구조에 미치는 영향,Tyrosine의 구조는 단백질 접힘에 어떤 영향을 미칠 수 있나요?,"['고정된 결합각 제공', '유연성 제공', '입체 장애 발생', '회전 제한']",유연성 제공,3학년 이상
Tyrosine,생물학적 위치 및 대사,Tyrosine은 주로 어떤 생체 위치에서 중요한 역할을 하나요?,"['간', '근육', '뇌', '콜라겐']",간,3학년 이상
Asparagine,약어,Asparagine의 한 글자 약어는 무엇인가요?,"['A', 'G', 'L', 'N']",N,1학년
Asparagine,약어,Asparagine의 세 글자 약어는 무엇인가요?,"['Asn', 'Gln', 'Gly', 'Phe']",Asn,1학년
Asparagine,성질,Asparagine은 어떤 성질의 아미노산인가요?,"['극성', '비극성', '산성', '염기성']",극성,1학년
Asparagine,곁사슬 특성,Asparagine의 곁사슬에는 무엇이 포함되나요?,"['CH3', 'CONH2', 'OH', 'SH']",CONH2,2학년
Asparagine,구조적 분류,Asparagine의 구조적 특징은 무엇인가요?,"['가지형', '방향족', '아마이드 포함', '황 포함']",아마이드 포함,2학년
Asparagine,생리적 기능 및 역할,Asparagine은 어떤 생리적 기능을 하나요?,"['단백질 합성', '수소결합 제공', '신경 전달', '질소 저장']",수소결합 제공,2학년
Asparagine,2차/3차 구조에 미치는 영향,Asparagine의 구조는 단백질 접힘에 어떤 영향을 미칠 수 있나요?,"['고정된 결합각 제공', '유연성 제공', '입체 장애 발생', '회전 제한']",유연성 제공,3학년 이상
Asparagine,생물학적 위치 및 대사,Asparagine은 주로 어떤 생체 위치에서 중요한 역할을 하나요?,"['간', '근육', '뇌', '콜라겐']",간,3학년 이상
Glutamine,약어,Glutamine의 한 글자 약어는 무엇인가요?,"['A', 'G', 'L', 'Q']",Q,1학년
Glutamine,약어,Glutamine의 세 글자 약어는 무엇인가요?,"['Gln', 'Gln', 'Gly', 'Phe']",Gln,1학년
Glutamine,성질,Glutamine은 어떤 성질의 아미노산인가요?,"['극성', '비극성', '산성', '염기성']",극성,1학년
Glutamine,곁사슬 특성,Glutamine의 곁사슬에는 무엇이 포함되나요?,"['CH2CH2CONH2', 'CH3', 'OH', 'SH']",CH2CH2CONH2,2학년
Glutamine,구조적 분류,Glutamine의 구조적 특징은 무엇인가요?,"['가지형', '방향족', '아마이드 포함', '황 포함']",아마이드 포함,2학년
Glutamine,생리적 기능 및 역할,Glutamine은 어떤 생리적 기능을 하나요?,"['단백질 합성', '신경 전달', '질소 운반', '질소 저장']",질소 운반,2학년
Glutamine,2차/3차 구조에 미치는 영향,Glutamine의 구조는 단백질 접힘에 어떤 영향을 미칠 수 있나요?,"['고정된 결합각 제공', '유연성 제공', '입체 장애 발생', '회전 제한']",유연성 제공,3학년 이상
Glutamine,생물학적 위치 및 대사,Glutamine은 주로 어떤 생체 위치에서 중요한 역할을 하나요?,"['간', '근육', '뇌', '콜라겐']",간,3학년 이상
Aspartate,약어,Aspartate의 한 글자 약어는 무엇인가요?,"['A', 'D', 'G', 'L']",D,1학년
Aspartate,약어,Aspartate의 세 글자 약어는 무엇인가요?,"['Asp', 'Gln', 'Gly', 'Phe']",Asp,1학년
Aspartate,성질,Aspartate은 어떤 성질의 아미노산인가요?,"['극성', '비극성', '산성', '염기성']",산성,1학년
Aspartate,곁사슬 특성,Aspartate의 곁사슬에는 무엇이 포함되나요?,"['CH3', 'COOH', 'OH', 'SH']",COOH,2학년
Aspartate,구조적 분류,Aspartate의 구조적 특징은 무엇인가요?,"['가지형', '방향족', '카복실기 포함', '황 포함']",카복실기 포함,2학년
Aspartate,생리적 기능 및 역할,Aspartate은 어떤 생리적 기능을 하나요?,"['단백질 합성', '신경 전달', '음전하 제공', '질소 저장']",음전하 제공,2학년
Aspartate,2차/3차 구조에 미치는 영향,Aspartate의 구조는 단백질 접힘에 어떤 영향을 미칠 수 있나요?,"['고정된 결합각 제공', '유연성 제공', '입체 장애 발생', '회전 제한']",유연성 제공,3학년 이상
Aspartate,생물학적 위치 및 대사,Aspartate은 주로 어떤 생체 위치에서 중요한 역할을 하나요?,"['간', '근육', '뇌', '콜라겐']",간,3학년 이상
Glutamate,약어,Glutamate의 한 글자 약어는 무엇인가요?,"['A', 'E', 'G', 'L']",E,1학년
Glutamate,약어,Glutamate의 세 글자 약어는 무엇인가요?,"['Gln', 'Glu', 'Gly', 'Phe']",Glu,1학년
Glutamate,성질,Glutamate은 어떤 성질의 아미노산인가요?,"['극성', '비극성', '산성', '염기성']",산성,1학년
Glutamate,곁사슬 특성,Glutamate의 곁사슬에는 무엇이 포함되나요?,"['CH2CH2COOH', 'CH3', 'OH', 'SH']",CH2CH2COOH,2학년
Glutamate,구조적 분류,Glutamate의 구조적 특징은 무엇인가요?,"['가지형', '방향족', '카복실기 포함', '황 포함']",카복실기 포함,2학년
Glutamate,생리적 기능 및 역할,Glutamate은 어떤 생리적 기능을 하나요?,"['단백질 합성', '신경 전달', '신경전달물질', '질소 저장']",신경전달물질,2학년
Glutamate,2차/3차 구조에 미치는 영향,Glutamate의 구조는 단백질 접힘에 어떤 영향을 미칠 수 있나요?,"['고정된 결합각 제공', '유연성 제공', '입체 장애 발생', '회전 제한']",유연성 제공,3학년 이상
Glutamate,생물학적 위치 및 대사,Glutamate은 주로 어떤 생체 위치에서 중요한 역할을 하나요?,"['간', '근육', '뇌', '콜라겐']",간,3학년 이상
Lysine,약어,Lysine의 한 글자 약어는 무엇인가요?,"['A', 'G', 'K', 'L']",K,1학년
Lysine,약어,Lysine의 세 글자 약어는 무엇인가요?,"['Gln', 'Gly', 'Lys', 'Phe']",Lys,1학년
Lysine,성질,Lysine은 어떤 성질의 아미노산인가요?,"['극성', '비극성', '산성', '염기성']",염기성,1학년
Lysine,곁사슬 특성,Lysine의 곁사슬에는 무엇이 포함되나요?,"['CH3', 'NH3+', 'OH', 'SH']",NH3+,2학년
Lysine,구조적 분류,Lysine의 구조적 특징은 무엇인가요?,"['가지형', '방향족', '직선 아민기', '황 포함']",직선 아민기,2학년
Lysine,생리적 기능 및 역할,Lysine은 어떤 생리적 기능을 하나요?,"['단백질 합성', '신경 전달', '양전하 제공, DNA 결합', '질소 저장']","양전하 제공, DNA 결합",2학년
Lysine,2차/3차 구조에 미치는 영향,Lysine의 구조는 단백질 접힘에 어떤 영향을 미칠 수 있나요?,"['고정된 결합각 제공', '유연성 제공', '입체 장애 발생', '회전 제한']",유연성 제공,3학년 이상
Lysine,생물학적 위치 및 대사,Lysine은 주로 어떤 생체 위치에서 중요한 역할을 하나요?,"['간', '근육', '뇌', '콜라겐']",간,3학년 이상
Arginine,약어,Arginine의 한 글자 약어는 무엇인가요?,"['A', 'G', 'L', 'R']",R,1학년
Arginine,약어,Arginine의 세 글자 약어는 무엇인가요?,"['Arg', 'Gln', 'Gly', 'Phe']",Arg,1학년
Arginine,성질,Arginine은 어떤 성질의 아미노산인가요?,"['극성', '비극성', '산성', '염기성']",염기성,1학년
Arginine,곁사슬 특성,Arginine의 곁사슬에는 무엇이 포함되나요?,"['CH3', 'OH', 'SH', '구아니딘']",구아니딘,2학년
Arginine,구조적 분류,Arginine의 구조적 특징은 무엇인가요?,"['가지형', '방향족', '양전하 곁사슬', '황 포함']",양전하 곁사슬,2학년
Arginine,생리적 기능 및 역할,Arginine은 어떤 생리적 기능을 하나요?,"['단백질 합성', '신경 전달', '질소 저장', '질소 저장']",질소 저장,2학년
Arginine,2차/3차 구조에 미치는 영향,Arginine의 구조는 단백질 접힘에 어떤 영향을 미칠 수 있나요?,"['고정된 결합각 제공', '유연성 제공', '입체 장애 발생', '회전 제한']",유연성 제공,3학년 이상
Arginine,생물학적 위치 및 대사,Arginine은 주로 어떤 생체 위치에서 중요한 역할을 하나요?,"['간', '근육', '뇌', '콜라겐']",간,3학년 이상
Histidine,약어,Histidine의 한 글자 약어는 무엇인가요?,"['A', 'G', 'H', 'L']",H,1학년
Histidine,약어,Histidine의 세 글자 약어는 무엇인가요?,"['Gln', 'Gly', 'His', 'Phe']",His,1학년
Histidine,성질,Histidine은 어떤 성질의 아미노산인가요?,"['극성', '비극성', '산성', '염기성']",염기성,1학년
Histidine,곁사슬 특성,Histidine의 곁사슬에는 무엇이 포함되나요?,"['CH3', 'OH', 'SH', '이미다졸']",이미다졸,2학년
Histidine,구조적 분류,Histidine의 구조적 특징은 무엇인가요?,"['가지형', '방향족', '방향족 고리, pH 민감', '황 포함']","방향족 고리, pH 민감",2학년
Histidine,생리적 기능 및 역할,Histidine은 어떤 생리적 기능을 하나요?,"['단백질 합성', '신경 전달', '질소 저장', '효소 활성 중심']",효소 활성 중심,2학년
Histidine,2차/3차 구조에 미치는 영향,Histidine의 구조는 단백질 접힘에 어떤 영향을 미칠 수 있나요?,"['고정된 결합각 제공', '유연성 제공', '입체 장애 발생', '회전 제한']",유연성 제공,3학년 이상
Histidine,생물학적 위치 및 대사,Histidine은 주로 어떤 생체 위치에서 중요한 역할을 하나요?,"['간', '근육', '뇌', '콜라겐']",간,3학년 이상
